약물구분,ATC코드,ATC코드명,시도명칭,시군구명칭,기간_dt,수량,금액
A10B,A10B,"BLOOD GLUCOSE LOWERING DRUGS, EXCL. INSULINS",서울,강남구,2023-10-01,3372703,1358710356
A10B,A10B,"BLOOD GLUCOSE LOWERING DRUGS, EXCL. INSULINS",서울,강남구,2023-11-01,3828636,1531459777
A10B,A10B,"BLOOD GLUCOSE LOWERING DRUGS, EXCL. INSULINS",서울,강남구,2023-12-01,3440588,1397572332
A10B,A10B,"BLOOD GLUCOSE LOWERING DRUGS, EXCL. INSULINS",서울,강남구,2024-01-01,3580707,1524568504
A10B,A10B,"BLOOD GLUCOSE LOWERING DRUGS, EXCL. INSULINS",서울,강남구,2024-02-01,3525701,1531581624
A10B,A10B,"BLOOD GLUCOSE LOWERING DRUGS, EXCL. INSULINS",서울,강남구,2024-03-01,3734930,1571491346
A10B,A10B,"BLOOD GLUCOSE LOWERING DRUGS, EXCL. INSULINS",서울,강남구,2024-04-01,3911197,1739486938
A10B,A10B,"BLOOD GLUCOSE LOWERING DRUGS, EXCL. INSULINS",서울,강남구,2024-05-01,3703363,1636143088
A10B,A10B,"BLOOD GLUCOSE LOWERING DRUGS, EXCL. INSULINS",서울,강남구,2024-06-01,3438008,1544421588
A10B,A10B,"BLOOD GLUCOSE LOWERING DRUGS, EXCL. INSULINS",서울,강남구,2024-07-01,3876596,1725490349
A10B,A10B,"BLOOD GLUCOSE LOWERING DRUGS, EXCL. INSULINS",서울,강남구,2024-08-01,3738862,1683308307
A10B,A10B,"BLOOD GLUCOSE LOWERING DRUGS, EXCL. INSULINS",서울,강남구,2024-09-01,3318121,1428929491
A10B,A10B,"BLOOD GLUCOSE LOWERING DRUGS, EXCL. INSULINS",서울,강남구,2024-10-01,3906866,1714784560
A10B,A10B,"BLOOD GLUCOSE LOWERING DRUGS, EXCL. INSULINS",서울,강남구,2024-11-01,3649187,1641932906
A10B,A10B,"BLOOD GLUCOSE LOWERING DRUGS, EXCL. INSULINS",서울,강남구,2024-12-01,3904343,1738304240
A10B,A10B,"BLOOD GLUCOSE LOWERING DRUGS, EXCL. INSULINS",서울,강남구,2025-01-01,3368276,1493419698
A10B,A10B,"BLOOD GLUCOSE LOWERING DRUGS, EXCL. INSULINS",서울,강남구,2025-02-01,3916034,1765939572
A10B,A10B,"BLOOD GLUCOSE LOWERING DRUGS, EXCL. INSULINS",서울,강남구,2025-03-01,3642055,1640551470
A10B,A10B,"BLOOD GLUCOSE LOWERING DRUGS, EXCL. INSULINS",서울,강남구,2025-04-01,4187577,1917131663
A10B,A10B,"BLOOD GLUCOSE LOWERING DRUGS, EXCL. INSULINS",서울,강남구,2025-05-01,3761343,1668999926
A10B,A10B,"BLOOD GLUCOSE LOWERING DRUGS, EXCL. INSULINS",서울,강남구,2025-06-01,3721384,1675799765
A10B,A10B,"BLOOD GLUCOSE LOWERING DRUGS, EXCL. INSULINS",서울,강남구,2025-07-01,3957295,1819027493
A10B,A10B,"BLOOD GLUCOSE LOWERING DRUGS, EXCL. INSULINS",서울,강남구,2025-08-01,3834381,1756280575
A10B,A10B,"BLOOD GLUCOSE LOWERING DRUGS, EXCL. INSULINS",서울,강남구,2025-09-01,4227629,1937577594
A10B,A10B,"BLOOD GLUCOSE LOWERING DRUGS, EXCL. INSULINS",서울,강남구,2025-10-01,3833465,1771246455
A10B,A10B,"BLOOD GLUCOSE LOWERING DRUGS, EXCL. INSULINS",서울,강동구,2023-10-01,3414303,1193147509
A10B,A10B,"BLOOD GLUCOSE LOWERING DRUGS, EXCL. INSULINS",서울,강동구,2023-11-01,3638148,1270639572
A10B,A10B,"BLOOD GLUCOSE LOWERING DRUGS, EXCL. INSULINS",서울,강동구,2023-12-01,3593655,1278505850
A10B,A10B,"BLOOD GLUCOSE LOWERING DRUGS, EXCL. INSULINS",서울,강동구,2024-01-01,3688197,1318306817
A10B,A10B,"BLOOD GLUCOSE LOWERING DRUGS, EXCL. INSULINS",서울,강동구,2024-02-01,3400352,1209598787
A10B,A10B,"BLOOD GLUCOSE LOWERING DRUGS, EXCL. INSULINS",서울,강동구,2024-03-01,3009745,1056943291
A10B,A10B,"BLOOD GLUCOSE LOWERING DRUGS, EXCL. INSULINS",서울,강동구,2024-04-01,3157602,1105736351
A10B,A10B,"BLOOD GLUCOSE LOWERING DRUGS, EXCL. INSULINS",서울,강동구,2024-05-01,2557239,963318801
A10B,A10B,"BLOOD GLUCOSE LOWERING DRUGS, EXCL. INSULINS",서울,강동구,2024-06-01,1455352,546611687
A10B,A10B,"BLOOD GLUCOSE LOWERING DRUGS, EXCL. INSULINS",서울,강동구,2024-07-01,1604361,586858264
A10B,A10B,"BLOOD GLUCOSE LOWERING DRUGS, EXCL. INSULINS",서울,강동구,2024-08-01,1519141,556354239
A10B,A10B,"BLOOD GLUCOSE LOWERING DRUGS, EXCL. INSULINS",서울,강동구,2024-09-01,1525724,549389850
A10B,A10B,"BLOOD GLUCOSE LOWERING DRUGS, EXCL. INSULINS",서울,강동구,2024-10-01,1592925,574100347
A10B,A10B,"BLOOD GLUCOSE LOWERING DRUGS, EXCL. INSULINS",서울,강동구,2024-11-01,1514858,544927669
A10B,A10B,"BLOOD GLUCOSE LOWERING DRUGS, EXCL. INSULINS",서울,강동구,2024-12-01,1638607,584405142
A10B,A10B,"BLOOD GLUCOSE LOWERING DRUGS, EXCL. INSULINS",서울,강동구,2025-01-01,3368593,1158084222
A10B,A10B,"BLOOD GLUCOSE LOWERING DRUGS, EXCL. INSULINS",서울,강동구,2025-02-01,3683990,1265607739
A10B,A10B,"BLOOD GLUCOSE LOWERING DRUGS, EXCL. INSULINS",서울,강동구,2025-03-01,3867251,1334065501
A10B,A10B,"BLOOD GLUCOSE LOWERING DRUGS, EXCL. INSULINS",서울,강동구,2025-04-01,3914420,1343930139
A10B,A10B,"BLOOD GLUCOSE LOWERING DRUGS, EXCL. INSULINS",서울,강동구,2025-05-01,3514615,1231666690
A10B,A10B,"BLOOD GLUCOSE LOWERING DRUGS, EXCL. INSULINS",서울,강동구,2025-06-01,3760549,1292796377
A10B,A10B,"BLOOD GLUCOSE LOWERING DRUGS, EXCL. INSULINS",서울,강동구,2025-07-01,4305194,1473882463
A10B,A10B,"BLOOD GLUCOSE LOWERING DRUGS, EXCL. INSULINS",서울,강동구,2025-08-01,3692979,1272327085
A10B,A10B,"BLOOD GLUCOSE LOWERING DRUGS, EXCL. INSULINS",서울,강동구,2025-09-01,4077313,1424652446
A10B,A10B,"BLOOD GLUCOSE LOWERING DRUGS, EXCL. INSULINS",서울,강동구,2025-10-01,3739252,1304080681
A10B,A10B,"BLOOD GLUCOSE LOWERING DRUGS, EXCL. INSULINS",서울,강북구,2023-10-01,1345662,495325795
A10B,A10B,"BLOOD GLUCOSE LOWERING DRUGS, EXCL. INSULINS",서울,강북구,2023-11-01,1289449,476530527
A10B,A10B,"BLOOD GLUCOSE LOWERING DRUGS, EXCL. INSULINS",서울,강북구,2023-12-01,1354386,504067211
A10B,A10B,"BLOOD GLUCOSE LOWERING DRUGS, EXCL. INSULINS",서울,강북구,2024-01-01,1354077,498519612
A10B,A10B,"BLOOD GLUCOSE LOWERING DRUGS, EXCL. INSULINS",서울,강북구,2024-02-01,1292038,476576587
A10B,A10B,"BLOOD GLUCOSE LOWERING DRUGS, EXCL. INSULINS",서울,강북구,2024-03-01,1312323,485816316
A10B,A10B,"BLOOD GLUCOSE LOWERING DRUGS, EXCL. INSULINS",서울,강북구,2024-04-01,1368071,509203418
A10B,A10B,"BLOOD GLUCOSE LOWERING DRUGS, EXCL. INSULINS",서울,강북구,2024-05-01,1369217,504248736
A10B,A10B,"BLOOD GLUCOSE LOWERING DRUGS, EXCL. INSULINS",서울,강북구,2024-06-01,1302504,483522227
A10B,A10B,"BLOOD GLUCOSE LOWERING DRUGS, EXCL. INSULINS",서울,강북구,2024-07-01,1406552,503854087
A10B,A10B,"BLOOD GLUCOSE LOWERING DRUGS, EXCL. INSULINS",서울,강북구,2024-08-01,1418180,509752806
A10B,A10B,"BLOOD GLUCOSE LOWERING DRUGS, EXCL. INSULINS",서울,강북구,2024-09-01,1335046,473207933
A10B,A10B,"BLOOD GLUCOSE LOWERING DRUGS, EXCL. INSULINS",서울,강북구,2024-10-01,1415700,502041299
A10B,A10B,"BLOOD GLUCOSE LOWERING DRUGS, EXCL. INSULINS",서울,강북구,2024-11-01,1375915,486671548
A10B,A10B,"BLOOD GLUCOSE LOWERING DRUGS, EXCL. INSULINS",서울,강북구,2024-12-01,1443766,510901179
A10B,A10B,"BLOOD GLUCOSE LOWERING DRUGS, EXCL. INSULINS",서울,강북구,2025-01-01,1293934,456226481
A10B,A10B,"BLOOD GLUCOSE LOWERING DRUGS, EXCL. INSULINS",서울,강북구,2025-02-01,1370968,482763707
A10B,A10B,"BLOOD GLUCOSE LOWERING DRUGS, EXCL. INSULINS",서울,강북구,2025-03-01,1371150,485676359
A10B,A10B,"BLOOD GLUCOSE LOWERING DRUGS, EXCL. INSULINS",서울,강북구,2025-04-01,1450143,513743914
A10B,A10B,"BLOOD GLUCOSE LOWERING DRUGS, EXCL. INSULINS",서울,강북구,2025-05-01,1424801,504517195
A10B,A10B,"BLOOD GLUCOSE LOWERING DRUGS, EXCL. INSULINS",서울,강북구,2025-06-01,1402552,497514259
A10B,A10B,"BLOOD GLUCOSE LOWERING DRUGS, EXCL. INSULINS",서울,강북구,2025-07-01,1457623,513390167
A10B,A10B,"BLOOD GLUCOSE LOWERING DRUGS, EXCL. INSULINS",서울,강북구,2025-08-01,1442390,509532235
A10B,A10B,"BLOOD GLUCOSE LOWERING DRUGS, EXCL. INSULINS",서울,강북구,2025-09-01,1545420,547245071
A10B,A10B,"BLOOD GLUCOSE LOWERING DRUGS, EXCL. INSULINS",서울,강북구,2025-10-01,1398545,492262224
A10B,A10B,"BLOOD GLUCOSE LOWERING DRUGS, EXCL. INSULINS",서울,강서구,2023-10-01,2429908,918123810
A10B,A10B,"BLOOD GLUCOSE LOWERING DRUGS, EXCL. INSULINS",서울,강서구,2023-11-01,2377846,882015377
A10B,A10B,"BLOOD GLUCOSE LOWERING DRUGS, EXCL. INSULINS",서울,강서구,2023-12-01,2491531,929001559
A10B,A10B,"BLOOD GLUCOSE LOWERING DRUGS, EXCL. INSULINS",서울,강서구,2024-01-01,2568759,950333929
A10B,A10B,"BLOOD GLUCOSE LOWERING DRUGS, EXCL. INSULINS",서울,강서구,2024-02-01,2404676,898382735
A10B,A10B,"BLOOD GLUCOSE LOWERING DRUGS, EXCL. INSULINS",서울,강서구,2024-03-01,2439452,908650386
A10B,A10B,"BLOOD GLUCOSE LOWERING DRUGS, EXCL. INSULINS",서울,강서구,2024-04-01,2171889,808117420
A10B,A10B,"BLOOD GLUCOSE LOWERING DRUGS, EXCL. INSULINS",서울,강서구,2024-05-01,2140754,789543451
A10B,A10B,"BLOOD GLUCOSE LOWERING DRUGS, EXCL. INSULINS",서울,강서구,2024-06-01,2057154,771152122
A10B,A10B,"BLOOD GLUCOSE LOWERING DRUGS, EXCL. INSULINS",서울,강서구,2024-07-01,2210617,801225480
A10B,A10B,"BLOOD GLUCOSE LOWERING DRUGS, EXCL. INSULINS",서울,강서구,2024-08-01,2198305,795284851
A10B,A10B,"BLOOD GLUCOSE LOWERING DRUGS, EXCL. INSULINS",서울,강서구,2024-09-01,2080585,751930729
A10B,A10B,"BLOOD GLUCOSE LOWERING DRUGS, EXCL. INSULINS",서울,강서구,2024-10-01,2191195,787072022
A10B,A10B,"BLOOD GLUCOSE LOWERING DRUGS, EXCL. INSULINS",서울,강서구,2024-11-01,2138588,765962575
A10B,A10B,"BLOOD GLUCOSE LOWERING DRUGS, EXCL. INSULINS",서울,강서구,2024-12-01,2246523,809281703
A10B,A10B,"BLOOD GLUCOSE LOWERING DRUGS, EXCL. INSULINS",서울,강서구,2025-01-01,2135026,766057615
A10B,A10B,"BLOOD GLUCOSE LOWERING DRUGS, EXCL. INSULINS",서울,강서구,2025-02-01,2566271,927006020
A10B,A10B,"BLOOD GLUCOSE LOWERING DRUGS, EXCL. INSULINS",서울,강서구,2025-03-01,2554552,928153764
A10B,A10B,"BLOOD GLUCOSE LOWERING DRUGS, EXCL. INSULINS",서울,강서구,2025-04-01,2752186,996927244
A10B,A10B,"BLOOD GLUCOSE LOWERING DRUGS, EXCL. INSULINS",서울,강서구,2025-05-01,2641302,972035828
A10B,A10B,"BLOOD GLUCOSE LOWERING DRUGS, EXCL. INSULINS",서울,강서구,2025-06-01,2560377,930541601
A10B,A10B,"BLOOD GLUCOSE LOWERING DRUGS, EXCL. INSULINS",서울,강서구,2025-07-01,2837484,1029582200
A10B,A10B,"BLOOD GLUCOSE LOWERING DRUGS, EXCL. INSULINS",서울,강서구,2025-08-01,2641296,961686084
A10B,A10B,"BLOOD GLUCOSE LOWERING DRUGS, EXCL. INSULINS",서울,강서구,2025-09-01,2922639,1066372480
A10B,A10B,"BLOOD GLUCOSE LOWERING DRUGS, EXCL. INSULINS",서울,강서구,2025-10-01,2630755,961063452
A10B,A10B,"BLOOD GLUCOSE LOWERING DRUGS, EXCL. INSULINS",서울,관악구,2023-10-01,1516612,549700797
A10B,A10B,"BLOOD GLUCOSE LOWERING DRUGS, EXCL. INSULINS",서울,관악구,2023-11-01,1443204,525355944
A10B,A10B,"BLOOD GLUCOSE LOWERING DRUGS, EXCL. INSULINS",서울,관악구,2023-12-01,1560281,568859297
A10B,A10B,"BLOOD GLUCOSE LOWERING DRUGS, EXCL. INSULINS",서울,관악구,2024-01-01,1519762,558121727
A10B,A10B,"BLOOD GLUCOSE LOWERING DRUGS, EXCL. INSULINS",서울,관악구,2024-02-01,1457709,537359605
A10B,A10B,"BLOOD GLUCOSE LOWERING DRUGS, EXCL. INSULINS",서울,관악구,2024-03-01,1519474,557343057
A10B,A10B,"BLOOD GLUCOSE LOWERING DRUGS, EXCL. INSULINS",서울,관악구,2024-04-01,1575497,581439351
A10B,A10B,"BLOOD GLUCOSE LOWERING DRUGS, EXCL. INSULINS",서울,관악구,2024-05-01,1550769,573814132
A10B,A10B,"BLOOD GLUCOSE LOWERING DRUGS, EXCL. INSULINS",서울,관악구,2024-06-01,1319221,474458395
A10B,A10B,"BLOOD GLUCOSE LOWERING DRUGS, EXCL. INSULINS",서울,관악구,2024-07-01,1374672,486859682
A10B,A10B,"BLOOD GLUCOSE LOWERING DRUGS, EXCL. INSULINS",서울,관악구,2024-08-01,1393286,488564338
A10B,A10B,"BLOOD GLUCOSE LOWERING DRUGS, EXCL. INSULINS",서울,관악구,2024-09-01,1501176,536334027
A10B,A10B,"BLOOD GLUCOSE LOWERING DRUGS, EXCL. INSULINS",서울,관악구,2024-10-01,1394871,483714935
A10B,A10B,"BLOOD GLUCOSE LOWERING DRUGS, EXCL. INSULINS",서울,관악구,2024-11-01,1326106,462441792
A10B,A10B,"BLOOD GLUCOSE LOWERING DRUGS, EXCL. INSULINS",서울,관악구,2024-12-01,1632133,574391938
A10B,A10B,"BLOOD GLUCOSE LOWERING DRUGS, EXCL. INSULINS",서울,관악구,2025-01-01,1573121,562793152
A10B,A10B,"BLOOD GLUCOSE LOWERING DRUGS, EXCL. INSULINS",서울,관악구,2025-02-01,1533903,548971634
A10B,A10B,"BLOOD GLUCOSE LOWERING DRUGS, EXCL. INSULINS",서울,관악구,2025-03-01,1619725,578898302
A10B,A10B,"BLOOD GLUCOSE LOWERING DRUGS, EXCL. INSULINS",서울,관악구,2025-04-01,1656126,592462985
A10B,A10B,"BLOOD GLUCOSE LOWERING DRUGS, EXCL. INSULINS",서울,관악구,2025-05-01,1642497,594697764
A10B,A10B,"BLOOD GLUCOSE LOWERING DRUGS, EXCL. INSULINS",서울,관악구,2025-06-01,1578879,560767162
A10B,A10B,"BLOOD GLUCOSE LOWERING DRUGS, EXCL. INSULINS",서울,관악구,2025-07-01,1727972,613672127
A10B,A10B,"BLOOD GLUCOSE LOWERING DRUGS, EXCL. INSULINS",서울,관악구,2025-08-01,1597267,571053247
A10B,A10B,"BLOOD GLUCOSE LOWERING DRUGS, EXCL. INSULINS",서울,관악구,2025-09-01,1818199,650262839
A10B,A10B,"BLOOD GLUCOSE LOWERING DRUGS, EXCL. INSULINS",서울,관악구,2025-10-01,1587715,568498166
A10B,A10B,"BLOOD GLUCOSE LOWERING DRUGS, EXCL. INSULINS",서울,광진구,2023-10-01,1758049,736363522
A10B,A10B,"BLOOD GLUCOSE LOWERING DRUGS, EXCL. INSULINS",서울,광진구,2023-11-01,1882082,780395960
A10B,A10B,"BLOOD GLUCOSE LOWERING DRUGS, EXCL. INSULINS",서울,광진구,2023-12-01,1858728,789628917
A10B,A10B,"BLOOD GLUCOSE LOWERING DRUGS, EXCL. INSULINS",서울,광진구,2024-01-01,1810194,776189991
A10B,A10B,"BLOOD GLUCOSE LOWERING DRUGS, EXCL. INSULINS",서울,광진구,2024-02-01,1797572,762673187
A10B,A10B,"BLOOD GLUCOSE LOWERING DRUGS, EXCL. INSULINS",서울,광진구,2024-03-01,1863870,790961198
A10B,A10B,"BLOOD GLUCOSE LOWERING DRUGS, EXCL. INSULINS",서울,광진구,2024-04-01,1891717,810882664
A10B,A10B,"BLOOD GLUCOSE LOWERING DRUGS, EXCL. INSULINS",서울,광진구,2024-05-01,1800045,765819911
A10B,A10B,"BLOOD GLUCOSE LOWERING DRUGS, EXCL. INSULINS",서울,광진구,2024-06-01,1707110,724029818
A10B,A10B,"BLOOD GLUCOSE LOWERING DRUGS, EXCL. INSULINS",서울,광진구,2024-07-01,1916184,807811740
A10B,A10B,"BLOOD GLUCOSE LOWERING DRUGS, EXCL. INSULINS",서울,광진구,2024-08-01,1849289,766215543
A10B,A10B,"BLOOD GLUCOSE LOWERING DRUGS, EXCL. INSULINS",서울,광진구,2024-09-01,1741580,717398524
A10B,A10B,"BLOOD GLUCOSE LOWERING DRUGS, EXCL. INSULINS",서울,광진구,2024-10-01,1906875,779260666
A10B,A10B,"BLOOD GLUCOSE LOWERING DRUGS, EXCL. INSULINS",서울,광진구,2024-11-01,1844732,759199759
A10B,A10B,"BLOOD GLUCOSE LOWERING DRUGS, EXCL. INSULINS",서울,광진구,2024-12-01,1929840,787769814
A10B,A10B,"BLOOD GLUCOSE LOWERING DRUGS, EXCL. INSULINS",서울,광진구,2025-01-01,1720537,717948639
A10B,A10B,"BLOOD GLUCOSE LOWERING DRUGS, EXCL. INSULINS",서울,광진구,2025-02-01,1931609,786830044
A10B,A10B,"BLOOD GLUCOSE LOWERING DRUGS, EXCL. INSULINS",서울,광진구,2025-03-01,1908773,791922839
A10B,A10B,"BLOOD GLUCOSE LOWERING DRUGS, EXCL. INSULINS",서울,광진구,2025-04-01,1991373,836934762
A10B,A10B,"BLOOD GLUCOSE LOWERING DRUGS, EXCL. INSULINS",서울,광진구,2025-05-01,1955286,812429494
A10B,A10B,"BLOOD GLUCOSE LOWERING DRUGS, EXCL. INSULINS",서울,광진구,2025-06-01,1984204,818360854
A10B,A10B,"BLOOD GLUCOSE LOWERING DRUGS, EXCL. INSULINS",서울,광진구,2025-07-01,2075592,878998432
A10B,A10B,"BLOOD GLUCOSE LOWERING DRUGS, EXCL. INSULINS",서울,광진구,2025-08-01,1925714,793504859
A10B,A10B,"BLOOD GLUCOSE LOWERING DRUGS, EXCL. INSULINS",서울,광진구,2025-09-01,2159463,899058080
A10B,A10B,"BLOOD GLUCOSE LOWERING DRUGS, EXCL. INSULINS",서울,광진구,2025-10-01,1937777,800946622
A10B,A10B,"BLOOD GLUCOSE LOWERING DRUGS, EXCL. INSULINS",서울,구로구,2023-10-01,2351311,899092506
A10B,A10B,"BLOOD GLUCOSE LOWERING DRUGS, EXCL. INSULINS",서울,구로구,2023-11-01,2351793,909264615
A10B,A10B,"BLOOD GLUCOSE LOWERING DRUGS, EXCL. INSULINS",서울,구로구,2023-12-01,2428266,951445809
A10B,A10B,"BLOOD GLUCOSE LOWERING DRUGS, EXCL. INSULINS",서울,구로구,2024-01-01,2452049,947307226
A10B,A10B,"BLOOD GLUCOSE LOWERING DRUGS, EXCL. INSULINS",서울,구로구,2024-02-01,2320266,908592851
A10B,A10B,"BLOOD GLUCOSE LOWERING DRUGS, EXCL. INSULINS",서울,구로구,2024-03-01,2376695,934817179
A10B,A10B,"BLOOD GLUCOSE LOWERING DRUGS, EXCL. INSULINS",서울,구로구,2024-04-01,2499100,983935723
A10B,A10B,"BLOOD GLUCOSE LOWERING DRUGS, EXCL. INSULINS",서울,구로구,2024-05-01,2457691,960576198
A10B,A10B,"BLOOD GLUCOSE LOWERING DRUGS, EXCL. INSULINS",서울,구로구,2024-06-01,2293837,895330163
A10B,A10B,"BLOOD GLUCOSE LOWERING DRUGS, EXCL. INSULINS",서울,구로구,2024-07-01,2467404,936397532
A10B,A10B,"BLOOD GLUCOSE LOWERING DRUGS, EXCL. INSULINS",서울,구로구,2024-08-01,2285908,868104064
A10B,A10B,"BLOOD GLUCOSE LOWERING DRUGS, EXCL. INSULINS",서울,구로구,2024-09-01,2261301,838349636
A10B,A10B,"BLOOD GLUCOSE LOWERING DRUGS, EXCL. INSULINS",서울,구로구,2024-10-01,2443621,909802938
A10B,A10B,"BLOOD GLUCOSE LOWERING DRUGS, EXCL. INSULINS",서울,구로구,2024-11-01,2390517,893334080
A10B,A10B,"BLOOD GLUCOSE LOWERING DRUGS, EXCL. INSULINS",서울,구로구,2024-12-01,2393927,900380920
A10B,A10B,"BLOOD GLUCOSE LOWERING DRUGS, EXCL. INSULINS",서울,구로구,2025-01-01,2355402,864997226
A10B,A10B,"BLOOD GLUCOSE LOWERING DRUGS, EXCL. INSULINS",서울,구로구,2025-02-01,2479459,918388997
A10B,A10B,"BLOOD GLUCOSE LOWERING DRUGS, EXCL. INSULINS",서울,구로구,2025-03-01,2520021,939614108
A10B,A10B,"BLOOD GLUCOSE LOWERING DRUGS, EXCL. INSULINS",서울,구로구,2025-04-01,2653202,992929912
A10B,A10B,"BLOOD GLUCOSE LOWERING DRUGS, EXCL. INSULINS",서울,구로구,2025-05-01,2465710,926001310
A10B,A10B,"BLOOD GLUCOSE LOWERING DRUGS, EXCL. INSULINS",서울,구로구,2025-06-01,2499147,933030167
A10B,A10B,"BLOOD GLUCOSE LOWERING DRUGS, EXCL. INSULINS",서울,구로구,2025-07-01,2774084,1031029337
A10B,A10B,"BLOOD GLUCOSE LOWERING DRUGS, EXCL. INSULINS",서울,구로구,2025-08-01,2461678,918059067
A10B,A10B,"BLOOD GLUCOSE LOWERING DRUGS, EXCL. INSULINS",서울,구로구,2025-09-01,2774917,1031431834
A10B,A10B,"BLOOD GLUCOSE LOWERING DRUGS, EXCL. INSULINS",서울,구로구,2025-10-01,2365064,879246970
A10B,A10B,"BLOOD GLUCOSE LOWERING DRUGS, EXCL. INSULINS",서울,금천구,2023-10-01,924040,336014435
A10B,A10B,"BLOOD GLUCOSE LOWERING DRUGS, EXCL. INSULINS",서울,금천구,2023-11-01,919703,335447865
A10B,A10B,"BLOOD GLUCOSE LOWERING DRUGS, EXCL. INSULINS",서울,금천구,2023-12-01,922731,339113205
A10B,A10B,"BLOOD GLUCOSE LOWERING DRUGS, EXCL. INSULINS",서울,금천구,2024-01-01,956764,348451674
A10B,A10B,"BLOOD GLUCOSE LOWERING DRUGS, EXCL. INSULINS",서울,금천구,2024-02-01,882080,321850375
A10B,A10B,"BLOOD GLUCOSE LOWERING DRUGS, EXCL. INSULINS",서울,금천구,2024-03-01,933703,340738575
A10B,A10B,"BLOOD GLUCOSE LOWERING DRUGS, EXCL. INSULINS",서울,금천구,2024-04-01,927772,336844641
A10B,A10B,"BLOOD GLUCOSE LOWERING DRUGS, EXCL. INSULINS",서울,금천구,2024-05-01,977143,355429290
A10B,A10B,"BLOOD GLUCOSE LOWERING DRUGS, EXCL. INSULINS",서울,금천구,2024-06-01,899166,327423453
A10B,A10B,"BLOOD GLUCOSE LOWERING DRUGS, EXCL. INSULINS",서울,금천구,2024-07-01,1001629,352836101
A10B,A10B,"BLOOD GLUCOSE LOWERING DRUGS, EXCL. INSULINS",서울,금천구,2024-08-01,964604,335748906
A10B,A10B,"BLOOD GLUCOSE LOWERING DRUGS, EXCL. INSULINS",서울,금천구,2024-09-01,931565,324236455
A10B,A10B,"BLOOD GLUCOSE LOWERING DRUGS, EXCL. INSULINS",서울,금천구,2024-10-01,998084,346579297
A10B,A10B,"BLOOD GLUCOSE LOWERING DRUGS, EXCL. INSULINS",서울,금천구,2024-11-01,944049,329944499
A10B,A10B,"BLOOD GLUCOSE LOWERING DRUGS, EXCL. INSULINS",서울,금천구,2024-12-01,1005549,349580482
A10B,A10B,"BLOOD GLUCOSE LOWERING DRUGS, EXCL. INSULINS",서울,금천구,2025-01-01,945774,328728728
A10B,A10B,"BLOOD GLUCOSE LOWERING DRUGS, EXCL. INSULINS",서울,금천구,2025-02-01,930720,325511277
A10B,A10B,"BLOOD GLUCOSE LOWERING DRUGS, EXCL. INSULINS",서울,금천구,2025-03-01,967226,338422420
A10B,A10B,"BLOOD GLUCOSE LOWERING DRUGS, EXCL. INSULINS",서울,금천구,2025-04-01,1013699,355507202
A10B,A10B,"BLOOD GLUCOSE LOWERING DRUGS, EXCL. INSULINS",서울,금천구,2025-05-01,1013418,353194366
A10B,A10B,"BLOOD GLUCOSE LOWERING DRUGS, EXCL. INSULINS",서울,금천구,2025-06-01,981519,345580685
A10B,A10B,"BLOOD GLUCOSE LOWERING DRUGS, EXCL. INSULINS",서울,금천구,2025-07-01,1037892,363053212
A10B,A10B,"BLOOD GLUCOSE LOWERING DRUGS, EXCL. INSULINS",서울,금천구,2025-08-01,971910,342162898
A10B,A10B,"BLOOD GLUCOSE LOWERING DRUGS, EXCL. INSULINS",서울,금천구,2025-09-01,1103208,389060605
A10B,A10B,"BLOOD GLUCOSE LOWERING DRUGS, EXCL. INSULINS",서울,금천구,2025-10-01,979049,345115965
A10B,A10B,"BLOOD GLUCOSE LOWERING DRUGS, EXCL. INSULINS",서울,노원구,2023-10-01,2778215,1084898710
A10B,A10B,"BLOOD GLUCOSE LOWERING DRUGS, EXCL. INSULINS",서울,노원구,2023-11-01,2766854,1075996555
A10B,A10B,"BLOOD GLUCOSE LOWERING DRUGS, EXCL. INSULINS",서울,노원구,2023-12-01,2787041,1111617195
A10B,A10B,"BLOOD GLUCOSE LOWERING DRUGS, EXCL. INSULINS",서울,노원구,2024-01-01,2860028,1134436328
A10B,A10B,"BLOOD GLUCOSE LOWERING DRUGS, EXCL. INSULINS",서울,노원구,2024-02-01,2616307,1041825591
A10B,A10B,"BLOOD GLUCOSE LOWERING DRUGS, EXCL. INSULINS",서울,노원구,2024-03-01,2775444,1097647513
A10B,A10B,"BLOOD GLUCOSE LOWERING DRUGS, EXCL. INSULINS",서울,노원구,2024-04-01,2929161,1161755543
A10B,A10B,"BLOOD GLUCOSE LOWERING DRUGS, EXCL. INSULINS",서울,노원구,2024-05-01,2877136,1131678313
A10B,A10B,"BLOOD GLUCOSE LOWERING DRUGS, EXCL. INSULINS",서울,노원구,2024-06-01,1951325,756305849
A10B,A10B,"BLOOD GLUCOSE LOWERING DRUGS, EXCL. INSULINS",서울,노원구,2024-07-01,2123996,804837117
A10B,A10B,"BLOOD GLUCOSE LOWERING DRUGS, EXCL. INSULINS",서울,노원구,2024-08-01,1988308,757160852
A10B,A10B,"BLOOD GLUCOSE LOWERING DRUGS, EXCL. INSULINS",서울,노원구,2024-09-01,1976617,735562340
A10B,A10B,"BLOOD GLUCOSE LOWERING DRUGS, EXCL. INSULINS",서울,노원구,2024-10-01,2098287,786804524
A10B,A10B,"BLOOD GLUCOSE LOWERING DRUGS, EXCL. INSULINS",서울,노원구,2024-11-01,2146734,817022826
A10B,A10B,"BLOOD GLUCOSE LOWERING DRUGS, EXCL. INSULINS",서울,노원구,2024-12-01,2794431,1061150585
A10B,A10B,"BLOOD GLUCOSE LOWERING DRUGS, EXCL. INSULINS",서울,노원구,2025-01-01,2670466,1019949782
A10B,A10B,"BLOOD GLUCOSE LOWERING DRUGS, EXCL. INSULINS",서울,노원구,2025-02-01,2801929,1065831422
A10B,A10B,"BLOOD GLUCOSE LOWERING DRUGS, EXCL. INSULINS",서울,노원구,2025-03-01,2889184,1101449344
A10B,A10B,"BLOOD GLUCOSE LOWERING DRUGS, EXCL. INSULINS",서울,노원구,2025-04-01,3046136,1167168218
A10B,A10B,"BLOOD GLUCOSE LOWERING DRUGS, EXCL. INSULINS",서울,노원구,2025-05-01,2730762,1035355536
A10B,A10B,"BLOOD GLUCOSE LOWERING DRUGS, EXCL. INSULINS",서울,노원구,2025-06-01,2788446,1062044657
A10B,A10B,"BLOOD GLUCOSE LOWERING DRUGS, EXCL. INSULINS",서울,노원구,2025-07-01,2993211,1136462654
A10B,A10B,"BLOOD GLUCOSE LOWERING DRUGS, EXCL. INSULINS",서울,노원구,2025-08-01,2795449,1065453428
A10B,A10B,"BLOOD GLUCOSE LOWERING DRUGS, EXCL. INSULINS",서울,노원구,2025-09-01,3170957,1206963533
A10B,A10B,"BLOOD GLUCOSE LOWERING DRUGS, EXCL. INSULINS",서울,노원구,2025-10-01,2781315,1070958181
A10B,A10B,"BLOOD GLUCOSE LOWERING DRUGS, EXCL. INSULINS",서울,도봉구,2023-10-01,1447399,533038480
A10B,A10B,"BLOOD GLUCOSE LOWERING DRUGS, EXCL. INSULINS",서울,도봉구,2023-11-01,1403991,516836447
A10B,A10B,"BLOOD GLUCOSE LOWERING DRUGS, EXCL. INSULINS",서울,도봉구,2023-12-01,1435515,535152272
A10B,A10B,"BLOOD GLUCOSE LOWERING DRUGS, EXCL. INSULINS",서울,도봉구,2024-01-01,1453569,542073050
A10B,A10B,"BLOOD GLUCOSE LOWERING DRUGS, EXCL. INSULINS",서울,도봉구,2024-02-01,1421334,528131155
A10B,A10B,"BLOOD GLUCOSE LOWERING DRUGS, EXCL. INSULINS",서울,도봉구,2024-03-01,1447435,537689569
A10B,A10B,"BLOOD GLUCOSE LOWERING DRUGS, EXCL. INSULINS",서울,도봉구,2024-04-01,1487565,561500851
A10B,A10B,"BLOOD GLUCOSE LOWERING DRUGS, EXCL. INSULINS",서울,도봉구,2024-05-01,1156949,434175874
A10B,A10B,"BLOOD GLUCOSE LOWERING DRUGS, EXCL. INSULINS",서울,도봉구,2024-06-01,1086863,408481869
A10B,A10B,"BLOOD GLUCOSE LOWERING DRUGS, EXCL. INSULINS",서울,도봉구,2024-07-01,1181930,433051197
A10B,A10B,"BLOOD GLUCOSE LOWERING DRUGS, EXCL. INSULINS",서울,도봉구,2024-08-01,1165762,428668853
A10B,A10B,"BLOOD GLUCOSE LOWERING DRUGS, EXCL. INSULINS",서울,도봉구,2024-09-01,1096783,395043080
A10B,A10B,"BLOOD GLUCOSE LOWERING DRUGS, EXCL. INSULINS",서울,도봉구,2024-10-01,1180974,429354986
A10B,A10B,"BLOOD GLUCOSE LOWERING DRUGS, EXCL. INSULINS",서울,도봉구,2024-11-01,1141138,418133457
A10B,A10B,"BLOOD GLUCOSE LOWERING DRUGS, EXCL. INSULINS",서울,도봉구,2024-12-01,1562607,569535225
A10B,A10B,"BLOOD GLUCOSE LOWERING DRUGS, EXCL. INSULINS",서울,도봉구,2025-01-01,1455495,530645395
A10B,A10B,"BLOOD GLUCOSE LOWERING DRUGS, EXCL. INSULINS",서울,도봉구,2025-02-01,1480351,545108174
A10B,A10B,"BLOOD GLUCOSE LOWERING DRUGS, EXCL. INSULINS",서울,도봉구,2025-03-01,1532846,560323328
A10B,A10B,"BLOOD GLUCOSE LOWERING DRUGS, EXCL. INSULINS",서울,도봉구,2025-04-01,1574160,582835455
A10B,A10B,"BLOOD GLUCOSE LOWERING DRUGS, EXCL. INSULINS",서울,도봉구,2025-05-01,1544839,568702953
A10B,A10B,"BLOOD GLUCOSE LOWERING DRUGS, EXCL. INSULINS",서울,도봉구,2025-06-01,1495096,554678407
A10B,A10B,"BLOOD GLUCOSE LOWERING DRUGS, EXCL. INSULINS",서울,도봉구,2025-07-01,1601756,588586940
A10B,A10B,"BLOOD GLUCOSE LOWERING DRUGS, EXCL. INSULINS",서울,도봉구,2025-08-01,1517633,558211440
A10B,A10B,"BLOOD GLUCOSE LOWERING DRUGS, EXCL. INSULINS",서울,도봉구,2025-09-01,1690618,623021255
A10B,A10B,"BLOOD GLUCOSE LOWERING DRUGS, EXCL. INSULINS",서울,도봉구,2025-10-01,1534256,571857021
A10B,A10B,"BLOOD GLUCOSE LOWERING DRUGS, EXCL. INSULINS",서울,동대문구,2023-10-01,2456883,903340647
A10B,A10B,"BLOOD GLUCOSE LOWERING DRUGS, EXCL. INSULINS",서울,동대문구,2023-11-01,2272617,834323622
A10B,A10B,"BLOOD GLUCOSE LOWERING DRUGS, EXCL. INSULINS",서울,동대문구,2023-12-01,1995829,737144576
A10B,A10B,"BLOOD GLUCOSE LOWERING DRUGS, EXCL. INSULINS",서울,동대문구,2024-01-01,2173002,811654415
A10B,A10B,"BLOOD GLUCOSE LOWERING DRUGS, EXCL. INSULINS",서울,동대문구,2024-02-01,1944173,725052842
A10B,A10B,"BLOOD GLUCOSE LOWERING DRUGS, EXCL. INSULINS",서울,동대문구,2024-03-01,2060199,772214060
A10B,A10B,"BLOOD GLUCOSE LOWERING DRUGS, EXCL. INSULINS",서울,동대문구,2024-04-01,2152915,815978674
A10B,A10B,"BLOOD GLUCOSE LOWERING DRUGS, EXCL. INSULINS",서울,동대문구,2024-05-01,2023867,763929522
A10B,A10B,"BLOOD GLUCOSE LOWERING DRUGS, EXCL. INSULINS",서울,동대문구,2024-06-01,1928832,721630837
A10B,A10B,"BLOOD GLUCOSE LOWERING DRUGS, EXCL. INSULINS",서울,동대문구,2024-07-01,2151867,789535983
A10B,A10B,"BLOOD GLUCOSE LOWERING DRUGS, EXCL. INSULINS",서울,동대문구,2024-08-01,1973187,717527592
A10B,A10B,"BLOOD GLUCOSE LOWERING DRUGS, EXCL. INSULINS",서울,동대문구,2024-09-01,1971733,716125952
A10B,A10B,"BLOOD GLUCOSE LOWERING DRUGS, EXCL. INSULINS",서울,동대문구,2024-10-01,2147417,780240215
A10B,A10B,"BLOOD GLUCOSE LOWERING DRUGS, EXCL. INSULINS",서울,동대문구,2024-11-01,2011172,722999502
A10B,A10B,"BLOOD GLUCOSE LOWERING DRUGS, EXCL. INSULINS",서울,동대문구,2024-12-01,2123876,773926409
A10B,A10B,"BLOOD GLUCOSE LOWERING DRUGS, EXCL. INSULINS",서울,동대문구,2025-01-01,2031894,735232983
A10B,A10B,"BLOOD GLUCOSE LOWERING DRUGS, EXCL. INSULINS",서울,동대문구,2025-02-01,2108354,768894447
A10B,A10B,"BLOOD GLUCOSE LOWERING DRUGS, EXCL. INSULINS",서울,동대문구,2025-03-01,2142236,780115105
A10B,A10B,"BLOOD GLUCOSE LOWERING DRUGS, EXCL. INSULINS",서울,동대문구,2025-04-01,2247927,832953190
A10B,A10B,"BLOOD GLUCOSE LOWERING DRUGS, EXCL. INSULINS",서울,동대문구,2025-05-01,2466268,928437811
A10B,A10B,"BLOOD GLUCOSE LOWERING DRUGS, EXCL. INSULINS",서울,동대문구,2025-06-01,2497810,951157271
A10B,A10B,"BLOOD GLUCOSE LOWERING DRUGS, EXCL. INSULINS",서울,동대문구,2025-07-01,2806436,1063440657
A10B,A10B,"BLOOD GLUCOSE LOWERING DRUGS, EXCL. INSULINS",서울,동대문구,2025-08-01,2453072,926581029
A10B,A10B,"BLOOD GLUCOSE LOWERING DRUGS, EXCL. INSULINS",서울,동대문구,2025-09-01,2859647,1086243211
A10B,A10B,"BLOOD GLUCOSE LOWERING DRUGS, EXCL. INSULINS",서울,동대문구,2025-10-01,2481919,946432399
A10B,A10B,"BLOOD GLUCOSE LOWERING DRUGS, EXCL. INSULINS",서울,동작구,2023-10-01,2271153,839568093
A10B,A10B,"BLOOD GLUCOSE LOWERING DRUGS, EXCL. INSULINS",서울,동작구,2023-11-01,2403347,879515816
A10B,A10B,"BLOOD GLUCOSE LOWERING DRUGS, EXCL. INSULINS",서울,동작구,2023-12-01,2223804,822996992
A10B,A10B,"BLOOD GLUCOSE LOWERING DRUGS, EXCL. INSULINS",서울,동작구,2024-01-01,2423580,903259006
A10B,A10B,"BLOOD GLUCOSE LOWERING DRUGS, EXCL. INSULINS",서울,동작구,2024-02-01,2268538,844146944
A10B,A10B,"BLOOD GLUCOSE LOWERING DRUGS, EXCL. INSULINS",서울,동작구,2024-03-01,2330632,870290802
A10B,A10B,"BLOOD GLUCOSE LOWERING DRUGS, EXCL. INSULINS",서울,동작구,2024-04-01,1608011,634312895
A10B,A10B,"BLOOD GLUCOSE LOWERING DRUGS, EXCL. INSULINS",서울,동작구,2024-05-01,2365027,899365299
A10B,A10B,"BLOOD GLUCOSE LOWERING DRUGS, EXCL. INSULINS",서울,동작구,2024-06-01,1402459,556535564
A10B,A10B,"BLOOD GLUCOSE LOWERING DRUGS, EXCL. INSULINS",서울,동작구,2024-07-01,1491480,575817662
A10B,A10B,"BLOOD GLUCOSE LOWERING DRUGS, EXCL. INSULINS",서울,동작구,2024-08-01,1456394,569732145
A10B,A10B,"BLOOD GLUCOSE LOWERING DRUGS, EXCL. INSULINS",서울,동작구,2024-09-01,1407328,543710653
A10B,A10B,"BLOOD GLUCOSE LOWERING DRUGS, EXCL. INSULINS",서울,동작구,2024-10-01,1478710,571277632
A10B,A10B,"BLOOD GLUCOSE LOWERING DRUGS, EXCL. INSULINS",서울,동작구,2024-11-01,1415158,554896482
A10B,A10B,"BLOOD GLUCOSE LOWERING DRUGS, EXCL. INSULINS",서울,동작구,2024-12-01,1474467,571399940
A10B,A10B,"BLOOD GLUCOSE LOWERING DRUGS, EXCL. INSULINS",서울,동작구,2025-01-01,2302262,853058882
A10B,A10B,"BLOOD GLUCOSE LOWERING DRUGS, EXCL. INSULINS",서울,동작구,2025-02-01,2279993,856593166
A10B,A10B,"BLOOD GLUCOSE LOWERING DRUGS, EXCL. INSULINS",서울,동작구,2025-03-01,2421893,905245875
A10B,A10B,"BLOOD GLUCOSE LOWERING DRUGS, EXCL. INSULINS",서울,동작구,2025-04-01,2545192,970708941
A10B,A10B,"BLOOD GLUCOSE LOWERING DRUGS, EXCL. INSULINS",서울,동작구,2025-05-01,2303417,866995696
A10B,A10B,"BLOOD GLUCOSE LOWERING DRUGS, EXCL. INSULINS",서울,동작구,2025-06-01,2236769,843365525
A10B,A10B,"BLOOD GLUCOSE LOWERING DRUGS, EXCL. INSULINS",서울,동작구,2025-07-01,2879045,1059238347
A10B,A10B,"BLOOD GLUCOSE LOWERING DRUGS, EXCL. INSULINS",서울,동작구,2025-08-01,2281358,878835795
A10B,A10B,"BLOOD GLUCOSE LOWERING DRUGS, EXCL. INSULINS",서울,동작구,2025-09-01,2669043,1030586386
A10B,A10B,"BLOOD GLUCOSE LOWERING DRUGS, EXCL. INSULINS",서울,동작구,2025-10-01,2238238,856966947
A10B,A10B,"BLOOD GLUCOSE LOWERING DRUGS, EXCL. INSULINS",서울,마포구,2023-10-01,1207762,455476670
A10B,A10B,"BLOOD GLUCOSE LOWERING DRUGS, EXCL. INSULINS",서울,마포구,2023-11-01,1139569,431797055
A10B,A10B,"BLOOD GLUCOSE LOWERING DRUGS, EXCL. INSULINS",서울,마포구,2023-12-01,1215676,460319746
A10B,A10B,"BLOOD GLUCOSE LOWERING DRUGS, EXCL. INSULINS",서울,마포구,2024-01-01,1198333,458737835
A10B,A10B,"BLOOD GLUCOSE LOWERING DRUGS, EXCL. INSULINS",서울,마포구,2024-02-01,1145885,436987835
A10B,A10B,"BLOOD GLUCOSE LOWERING DRUGS, EXCL. INSULINS",서울,마포구,2024-03-01,1177934,448794167
A10B,A10B,"BLOOD GLUCOSE LOWERING DRUGS, EXCL. INSULINS",서울,마포구,2024-04-01,1205639,461159545
A10B,A10B,"BLOOD GLUCOSE LOWERING DRUGS, EXCL. INSULINS",서울,마포구,2024-05-01,1206503,459129748
A10B,A10B,"BLOOD GLUCOSE LOWERING DRUGS, EXCL. INSULINS",서울,마포구,2024-06-01,1173813,445985068
A10B,A10B,"BLOOD GLUCOSE LOWERING DRUGS, EXCL. INSULINS",서울,마포구,2024-07-01,1247033,468690274
A10B,A10B,"BLOOD GLUCOSE LOWERING DRUGS, EXCL. INSULINS",서울,마포구,2024-08-01,1194594,443673985
A10B,A10B,"BLOOD GLUCOSE LOWERING DRUGS, EXCL. INSULINS",서울,마포구,2024-09-01,1184516,438052435
A10B,A10B,"BLOOD GLUCOSE LOWERING DRUGS, EXCL. INSULINS",서울,마포구,2024-10-01,1227788,452967240
A10B,A10B,"BLOOD GLUCOSE LOWERING DRUGS, EXCL. INSULINS",서울,마포구,2024-11-01,1198118,439509449
A10B,A10B,"BLOOD GLUCOSE LOWERING DRUGS, EXCL. INSULINS",서울,마포구,2024-12-01,1283937,473973235
A10B,A10B,"BLOOD GLUCOSE LOWERING DRUGS, EXCL. INSULINS",서울,마포구,2025-01-01,1206430,441239597
A10B,A10B,"BLOOD GLUCOSE LOWERING DRUGS, EXCL. INSULINS",서울,마포구,2025-02-01,1194651,442717688
A10B,A10B,"BLOOD GLUCOSE LOWERING DRUGS, EXCL. INSULINS",서울,마포구,2025-03-01,1246893,460197457
A10B,A10B,"BLOOD GLUCOSE LOWERING DRUGS, EXCL. INSULINS",서울,마포구,2025-04-01,1266131,465095741
A10B,A10B,"BLOOD GLUCOSE LOWERING DRUGS, EXCL. INSULINS",서울,마포구,2025-05-01,1223123,450789204
A10B,A10B,"BLOOD GLUCOSE LOWERING DRUGS, EXCL. INSULINS",서울,마포구,2025-06-01,1200296,443481213
A10B,A10B,"BLOOD GLUCOSE LOWERING DRUGS, EXCL. INSULINS",서울,마포구,2025-07-01,1303790,480430861
A10B,A10B,"BLOOD GLUCOSE LOWERING DRUGS, EXCL. INSULINS",서울,마포구,2025-08-01,1181095,438285866
A10B,A10B,"BLOOD GLUCOSE LOWERING DRUGS, EXCL. INSULINS",서울,마포구,2025-09-01,1414900,520813352
A10B,A10B,"BLOOD GLUCOSE LOWERING DRUGS, EXCL. INSULINS",서울,마포구,2025-10-01,1160908,426877624
A10B,A10B,"BLOOD GLUCOSE LOWERING DRUGS, EXCL. INSULINS",서울,서대문구,2023-10-01,2821562,1076086929
A10B,A10B,"BLOOD GLUCOSE LOWERING DRUGS, EXCL. INSULINS",서울,서대문구,2023-11-01,2892530,1117666896
A10B,A10B,"BLOOD GLUCOSE LOWERING DRUGS, EXCL. INSULINS",서울,서대문구,2023-12-01,3007859,1202404354
A10B,A10B,"BLOOD GLUCOSE LOWERING DRUGS, EXCL. INSULINS",서울,서대문구,2024-01-01,3354971,1284609628
A10B,A10B,"BLOOD GLUCOSE LOWERING DRUGS, EXCL. INSULINS",서울,서대문구,2024-02-01,2876657,1111654056
A10B,A10B,"BLOOD GLUCOSE LOWERING DRUGS, EXCL. INSULINS",서울,서대문구,2024-03-01,3066670,1208243208
A10B,A10B,"BLOOD GLUCOSE LOWERING DRUGS, EXCL. INSULINS",서울,서대문구,2024-04-01,3221799,1275697388
A10B,A10B,"BLOOD GLUCOSE LOWERING DRUGS, EXCL. INSULINS",서울,서대문구,2024-05-01,2963169,1195935578
A10B,A10B,"BLOOD GLUCOSE LOWERING DRUGS, EXCL. INSULINS",서울,서대문구,2024-06-01,2729869,1102095003
A10B,A10B,"BLOOD GLUCOSE LOWERING DRUGS, EXCL. INSULINS",서울,서대문구,2024-07-01,3275421,1298567410
A10B,A10B,"BLOOD GLUCOSE LOWERING DRUGS, EXCL. INSULINS",서울,서대문구,2024-08-01,3124433,1215073966
A10B,A10B,"BLOOD GLUCOSE LOWERING DRUGS, EXCL. INSULINS",서울,서대문구,2024-09-01,2681011,1056005199
A10B,A10B,"BLOOD GLUCOSE LOWERING DRUGS, EXCL. INSULINS",서울,서대문구,2024-10-01,3355811,1298464379
A10B,A10B,"BLOOD GLUCOSE LOWERING DRUGS, EXCL. INSULINS",서울,서대문구,2024-11-01,2931160,1167941728
A10B,A10B,"BLOOD GLUCOSE LOWERING DRUGS, EXCL. INSULINS",서울,서대문구,2024-12-01,3148649,1235998749
A10B,A10B,"BLOOD GLUCOSE LOWERING DRUGS, EXCL. INSULINS",서울,서대문구,2025-01-01,2973777,1142168302
A10B,A10B,"BLOOD GLUCOSE LOWERING DRUGS, EXCL. INSULINS",서울,서대문구,2025-02-01,3110494,1230880448
A10B,A10B,"BLOOD GLUCOSE LOWERING DRUGS, EXCL. INSULINS",서울,서대문구,2025-03-01,3063202,1211239089
A10B,A10B,"BLOOD GLUCOSE LOWERING DRUGS, EXCL. INSULINS",서울,서대문구,2025-04-01,3419060,1332181388
A10B,A10B,"BLOOD GLUCOSE LOWERING DRUGS, EXCL. INSULINS",서울,서대문구,2025-05-01,2848881,1142867961
A10B,A10B,"BLOOD GLUCOSE LOWERING DRUGS, EXCL. INSULINS",서울,서대문구,2025-06-01,3008363,1192559130
A10B,A10B,"BLOOD GLUCOSE LOWERING DRUGS, EXCL. INSULINS",서울,서대문구,2025-07-01,3368102,1330853839
A10B,A10B,"BLOOD GLUCOSE LOWERING DRUGS, EXCL. INSULINS",서울,서대문구,2025-08-01,3050463,1201747493
A10B,A10B,"BLOOD GLUCOSE LOWERING DRUGS, EXCL. INSULINS",서울,서대문구,2025-09-01,3277967,1292069644
A10B,A10B,"BLOOD GLUCOSE LOWERING DRUGS, EXCL. INSULINS",서울,서대문구,2025-10-01,3004873,1185468226
A10B,A10B,"BLOOD GLUCOSE LOWERING DRUGS, EXCL. INSULINS",서울,서초구,2023-10-01,2109717,887392929
A10B,A10B,"BLOOD GLUCOSE LOWERING DRUGS, EXCL. INSULINS",서울,서초구,2023-11-01,2142186,901545958
A10B,A10B,"BLOOD GLUCOSE LOWERING DRUGS, EXCL. INSULINS",서울,서초구,2023-12-01,2137518,917912400
A10B,A10B,"BLOOD GLUCOSE LOWERING DRUGS, EXCL. INSULINS",서울,서초구,2024-01-01,2286585,978777773
A10B,A10B,"BLOOD GLUCOSE LOWERING DRUGS, EXCL. INSULINS",서울,서초구,2024-02-01,2052729,887876571
A10B,A10B,"BLOOD GLUCOSE LOWERING DRUGS, EXCL. INSULINS",서울,서초구,2024-03-01,2113069,903843648
A10B,A10B,"BLOOD GLUCOSE LOWERING DRUGS, EXCL. INSULINS",서울,서초구,2024-04-01,2323106,997568094
A10B,A10B,"BLOOD GLUCOSE LOWERING DRUGS, EXCL. INSULINS",서울,서초구,2024-05-01,2202491,938290654
A10B,A10B,"BLOOD GLUCOSE LOWERING DRUGS, EXCL. INSULINS",서울,서초구,2024-06-01,2077267,892064591
A10B,A10B,"BLOOD GLUCOSE LOWERING DRUGS, EXCL. INSULINS",서울,서초구,2024-07-01,2385667,1005428926
A10B,A10B,"BLOOD GLUCOSE LOWERING DRUGS, EXCL. INSULINS",서울,서초구,2024-08-01,2127316,893873785
A10B,A10B,"BLOOD GLUCOSE LOWERING DRUGS, EXCL. INSULINS",서울,서초구,2024-09-01,2137978,887606726
A10B,A10B,"BLOOD GLUCOSE LOWERING DRUGS, EXCL. INSULINS",서울,서초구,2024-10-01,2288399,963064899
A10B,A10B,"BLOOD GLUCOSE LOWERING DRUGS, EXCL. INSULINS",서울,서초구,2024-11-01,2198436,929497043
A10B,A10B,"BLOOD GLUCOSE LOWERING DRUGS, EXCL. INSULINS",서울,서초구,2024-12-01,2329507,960740808
A10B,A10B,"BLOOD GLUCOSE LOWERING DRUGS, EXCL. INSULINS",서울,서초구,2025-01-01,2143041,881999767
A10B,A10B,"BLOOD GLUCOSE LOWERING DRUGS, EXCL. INSULINS",서울,서초구,2025-02-01,2250655,932368400
A10B,A10B,"BLOOD GLUCOSE LOWERING DRUGS, EXCL. INSULINS",서울,서초구,2025-03-01,2264930,939957503
A10B,A10B,"BLOOD GLUCOSE LOWERING DRUGS, EXCL. INSULINS",서울,서초구,2025-04-01,2475337,1046483530
A10B,A10B,"BLOOD GLUCOSE LOWERING DRUGS, EXCL. INSULINS",서울,서초구,2025-05-01,2240054,922801690
A10B,A10B,"BLOOD GLUCOSE LOWERING DRUGS, EXCL. INSULINS",서울,서초구,2025-06-01,2254969,920341756
A10B,A10B,"BLOOD GLUCOSE LOWERING DRUGS, EXCL. INSULINS",서울,서초구,2025-07-01,2480025,1028977727
A10B,A10B,"BLOOD GLUCOSE LOWERING DRUGS, EXCL. INSULINS",서울,서초구,2025-08-01,2311175,956680291
A10B,A10B,"BLOOD GLUCOSE LOWERING DRUGS, EXCL. INSULINS",서울,서초구,2025-09-01,2581956,1059898780
A10B,A10B,"BLOOD GLUCOSE LOWERING DRUGS, EXCL. INSULINS",서울,서초구,2025-10-01,2226956,955003553
A10B,A10B,"BLOOD GLUCOSE LOWERING DRUGS, EXCL. INSULINS",서울,성동구,2023-10-01,1323758,497368033
A10B,A10B,"BLOOD GLUCOSE LOWERING DRUGS, EXCL. INSULINS",서울,성동구,2023-11-01,1352085,502144475
A10B,A10B,"BLOOD GLUCOSE LOWERING DRUGS, EXCL. INSULINS",서울,성동구,2023-12-01,1306131,488674770
A10B,A10B,"BLOOD GLUCOSE LOWERING DRUGS, EXCL. INSULINS",서울,성동구,2024-01-01,1343465,506699571
A10B,A10B,"BLOOD GLUCOSE LOWERING DRUGS, EXCL. INSULINS",서울,성동구,2024-02-01,1279839,477197154
A10B,A10B,"BLOOD GLUCOSE LOWERING DRUGS, EXCL. INSULINS",서울,성동구,2024-03-01,1316174,500942746
A10B,A10B,"BLOOD GLUCOSE LOWERING DRUGS, EXCL. INSULINS",서울,성동구,2024-04-01,1385339,533619668
A10B,A10B,"BLOOD GLUCOSE LOWERING DRUGS, EXCL. INSULINS",서울,성동구,2024-05-01,1313766,495294248
A10B,A10B,"BLOOD GLUCOSE LOWERING DRUGS, EXCL. INSULINS",서울,성동구,2024-06-01,1312178,499833648
A10B,A10B,"BLOOD GLUCOSE LOWERING DRUGS, EXCL. INSULINS",서울,성동구,2024-07-01,1412822,524996577
A10B,A10B,"BLOOD GLUCOSE LOWERING DRUGS, EXCL. INSULINS",서울,성동구,2024-08-01,1337951,485488611
A10B,A10B,"BLOOD GLUCOSE LOWERING DRUGS, EXCL. INSULINS",서울,성동구,2024-09-01,1275162,461818369
A10B,A10B,"BLOOD GLUCOSE LOWERING DRUGS, EXCL. INSULINS",서울,성동구,2024-10-01,1417942,510331006
A10B,A10B,"BLOOD GLUCOSE LOWERING DRUGS, EXCL. INSULINS",서울,성동구,2024-11-01,1301965,471104931
A10B,A10B,"BLOOD GLUCOSE LOWERING DRUGS, EXCL. INSULINS",서울,성동구,2024-12-01,1415343,513700556
A10B,A10B,"BLOOD GLUCOSE LOWERING DRUGS, EXCL. INSULINS",서울,성동구,2025-01-01,1336872,483208328
A10B,A10B,"BLOOD GLUCOSE LOWERING DRUGS, EXCL. INSULINS",서울,성동구,2025-02-01,1355879,486622228
A10B,A10B,"BLOOD GLUCOSE LOWERING DRUGS, EXCL. INSULINS",서울,성동구,2025-03-01,1378974,505818502
A10B,A10B,"BLOOD GLUCOSE LOWERING DRUGS, EXCL. INSULINS",서울,성동구,2025-04-01,1421413,522152033
A10B,A10B,"BLOOD GLUCOSE LOWERING DRUGS, EXCL. INSULINS",서울,성동구,2025-05-01,1345506,488161434
A10B,A10B,"BLOOD GLUCOSE LOWERING DRUGS, EXCL. INSULINS",서울,성동구,2025-06-01,1380298,503080230
A10B,A10B,"BLOOD GLUCOSE LOWERING DRUGS, EXCL. INSULINS",서울,성동구,2025-07-01,1461275,538667498
A10B,A10B,"BLOOD GLUCOSE LOWERING DRUGS, EXCL. INSULINS",서울,성동구,2025-08-01,1366441,492726080
A10B,A10B,"BLOOD GLUCOSE LOWERING DRUGS, EXCL. INSULINS",서울,성동구,2025-09-01,1453094,535573060
A10B,A10B,"BLOOD GLUCOSE LOWERING DRUGS, EXCL. INSULINS",서울,성동구,2025-10-01,1366293,498562924
A10B,A10B,"BLOOD GLUCOSE LOWERING DRUGS, EXCL. INSULINS",서울,성북구,2023-10-01,2072780,781327755
A10B,A10B,"BLOOD GLUCOSE LOWERING DRUGS, EXCL. INSULINS",서울,성북구,2023-11-01,2167065,838595341
A10B,A10B,"BLOOD GLUCOSE LOWERING DRUGS, EXCL. INSULINS",서울,성북구,2023-12-01,2077056,808965592
A10B,A10B,"BLOOD GLUCOSE LOWERING DRUGS, EXCL. INSULINS",서울,성북구,2024-01-01,2235085,876591903
A10B,A10B,"BLOOD GLUCOSE LOWERING DRUGS, EXCL. INSULINS",서울,성북구,2024-02-01,2093611,809060483
A10B,A10B,"BLOOD GLUCOSE LOWERING DRUGS, EXCL. INSULINS",서울,성북구,2024-03-01,2094333,813910486
A10B,A10B,"BLOOD GLUCOSE LOWERING DRUGS, EXCL. INSULINS",서울,성북구,2024-04-01,2189253,850355498
A10B,A10B,"BLOOD GLUCOSE LOWERING DRUGS, EXCL. INSULINS",서울,성북구,2024-05-01,2161142,826209356
A10B,A10B,"BLOOD GLUCOSE LOWERING DRUGS, EXCL. INSULINS",서울,성북구,2024-06-01,2110460,853869977
A10B,A10B,"BLOOD GLUCOSE LOWERING DRUGS, EXCL. INSULINS",서울,성북구,2024-07-01,2409981,937383597
A10B,A10B,"BLOOD GLUCOSE LOWERING DRUGS, EXCL. INSULINS",서울,성북구,2024-08-01,2145001,802034019
A10B,A10B,"BLOOD GLUCOSE LOWERING DRUGS, EXCL. INSULINS",서울,성북구,2024-09-01,1992806,744926728
A10B,A10B,"BLOOD GLUCOSE LOWERING DRUGS, EXCL. INSULINS",서울,성북구,2024-10-01,2235473,850238823
A10B,A10B,"BLOOD GLUCOSE LOWERING DRUGS, EXCL. INSULINS",서울,성북구,2024-11-01,2142622,816011379
A10B,A10B,"BLOOD GLUCOSE LOWERING DRUGS, EXCL. INSULINS",서울,성북구,2024-12-01,2282431,874869854
A10B,A10B,"BLOOD GLUCOSE LOWERING DRUGS, EXCL. INSULINS",서울,성북구,2025-01-01,2107607,788697609
A10B,A10B,"BLOOD GLUCOSE LOWERING DRUGS, EXCL. INSULINS",서울,성북구,2025-02-01,2235646,851821862
A10B,A10B,"BLOOD GLUCOSE LOWERING DRUGS, EXCL. INSULINS",서울,성북구,2025-03-01,2132811,813933212
A10B,A10B,"BLOOD GLUCOSE LOWERING DRUGS, EXCL. INSULINS",서울,성북구,2025-04-01,2295280,873395838
A10B,A10B,"BLOOD GLUCOSE LOWERING DRUGS, EXCL. INSULINS",서울,성북구,2025-05-01,2146232,832117910
A10B,A10B,"BLOOD GLUCOSE LOWERING DRUGS, EXCL. INSULINS",서울,성북구,2025-06-01,2197760,844615897
A10B,A10B,"BLOOD GLUCOSE LOWERING DRUGS, EXCL. INSULINS",서울,성북구,2025-07-01,2397734,910087765
A10B,A10B,"BLOOD GLUCOSE LOWERING DRUGS, EXCL. INSULINS",서울,성북구,2025-08-01,2236473,848211123
A10B,A10B,"BLOOD GLUCOSE LOWERING DRUGS, EXCL. INSULINS",서울,성북구,2025-09-01,2407201,912474352
A10B,A10B,"BLOOD GLUCOSE LOWERING DRUGS, EXCL. INSULINS",서울,성북구,2025-10-01,2179855,830206946
A10B,A10B,"BLOOD GLUCOSE LOWERING DRUGS, EXCL. INSULINS",서울,송파구,2023-10-01,4184019,1599840047
A10B,A10B,"BLOOD GLUCOSE LOWERING DRUGS, EXCL. INSULINS",서울,송파구,2023-11-01,4337657,1654321204
A10B,A10B,"BLOOD GLUCOSE LOWERING DRUGS, EXCL. INSULINS",서울,송파구,2023-12-01,3826492,1496103091
A10B,A10B,"BLOOD GLUCOSE LOWERING DRUGS, EXCL. INSULINS",서울,송파구,2024-01-01,4208549,1649522776
A10B,A10B,"BLOOD GLUCOSE LOWERING DRUGS, EXCL. INSULINS",서울,송파구,2024-02-01,3778118,1493364898
A10B,A10B,"BLOOD GLUCOSE LOWERING DRUGS, EXCL. INSULINS",서울,송파구,2024-03-01,4004289,1585275988
A10B,A10B,"BLOOD GLUCOSE LOWERING DRUGS, EXCL. INSULINS",서울,송파구,2024-04-01,4091239,1623509566
A10B,A10B,"BLOOD GLUCOSE LOWERING DRUGS, EXCL. INSULINS",서울,송파구,2024-05-01,4025877,1592016716
A10B,A10B,"BLOOD GLUCOSE LOWERING DRUGS, EXCL. INSULINS",서울,송파구,2024-06-01,3779728,1488075475
A10B,A10B,"BLOOD GLUCOSE LOWERING DRUGS, EXCL. INSULINS",서울,송파구,2024-07-01,4255636,1620998181
A10B,A10B,"BLOOD GLUCOSE LOWERING DRUGS, EXCL. INSULINS",서울,송파구,2024-08-01,3941191,1497802939
A10B,A10B,"BLOOD GLUCOSE LOWERING DRUGS, EXCL. INSULINS",서울,송파구,2024-09-01,3717199,1401838949
A10B,A10B,"BLOOD GLUCOSE LOWERING DRUGS, EXCL. INSULINS",서울,송파구,2024-10-01,4144765,1595568379
A10B,A10B,"BLOOD GLUCOSE LOWERING DRUGS, EXCL. INSULINS",서울,송파구,2024-11-01,3852085,1493584614
A10B,A10B,"BLOOD GLUCOSE LOWERING DRUGS, EXCL. INSULINS",서울,송파구,2024-12-01,4025697,1581308814
A10B,A10B,"BLOOD GLUCOSE LOWERING DRUGS, EXCL. INSULINS",서울,송파구,2025-01-01,3892310,1525399053
A10B,A10B,"BLOOD GLUCOSE LOWERING DRUGS, EXCL. INSULINS",서울,송파구,2025-02-01,3953761,1575009597
A10B,A10B,"BLOOD GLUCOSE LOWERING DRUGS, EXCL. INSULINS",서울,송파구,2025-03-01,3850572,1533536277
A10B,A10B,"BLOOD GLUCOSE LOWERING DRUGS, EXCL. INSULINS",서울,송파구,2025-04-01,4305383,1698407143
A10B,A10B,"BLOOD GLUCOSE LOWERING DRUGS, EXCL. INSULINS",서울,송파구,2025-05-01,3856375,1552838033
A10B,A10B,"BLOOD GLUCOSE LOWERING DRUGS, EXCL. INSULINS",서울,송파구,2025-06-01,3860450,1555848310
A10B,A10B,"BLOOD GLUCOSE LOWERING DRUGS, EXCL. INSULINS",서울,송파구,2025-07-01,4356519,1773230103
A10B,A10B,"BLOOD GLUCOSE LOWERING DRUGS, EXCL. INSULINS",서울,송파구,2025-08-01,4011873,1612440185
A10B,A10B,"BLOOD GLUCOSE LOWERING DRUGS, EXCL. INSULINS",서울,송파구,2025-09-01,4525880,1800639692
A10B,A10B,"BLOOD GLUCOSE LOWERING DRUGS, EXCL. INSULINS",서울,송파구,2025-10-01,4184847,1683155405
A10B,A10B,"BLOOD GLUCOSE LOWERING DRUGS, EXCL. INSULINS",서울,양천구,2023-10-01,1919453,726430388
A10B,A10B,"BLOOD GLUCOSE LOWERING DRUGS, EXCL. INSULINS",서울,양천구,2023-11-01,1873160,702649171
A10B,A10B,"BLOOD GLUCOSE LOWERING DRUGS, EXCL. INSULINS",서울,양천구,2023-12-01,1874151,718220123
A10B,A10B,"BLOOD GLUCOSE LOWERING DRUGS, EXCL. INSULINS",서울,양천구,2024-01-01,1860077,706289771
A10B,A10B,"BLOOD GLUCOSE LOWERING DRUGS, EXCL. INSULINS",서울,양천구,2024-02-01,1827863,693429904
A10B,A10B,"BLOOD GLUCOSE LOWERING DRUGS, EXCL. INSULINS",서울,양천구,2024-03-01,1906848,719880383
A10B,A10B,"BLOOD GLUCOSE LOWERING DRUGS, EXCL. INSULINS",서울,양천구,2024-04-01,1970797,758189185
A10B,A10B,"BLOOD GLUCOSE LOWERING DRUGS, EXCL. INSULINS",서울,양천구,2024-05-01,1890144,721017337
A10B,A10B,"BLOOD GLUCOSE LOWERING DRUGS, EXCL. INSULINS",서울,양천구,2024-06-01,1565642,591553220
A10B,A10B,"BLOOD GLUCOSE LOWERING DRUGS, EXCL. INSULINS",서울,양천구,2024-07-01,1752806,639988700
A10B,A10B,"BLOOD GLUCOSE LOWERING DRUGS, EXCL. INSULINS",서울,양천구,2024-08-01,1747911,634628479
A10B,A10B,"BLOOD GLUCOSE LOWERING DRUGS, EXCL. INSULINS",서울,양천구,2024-09-01,1994031,732205217
A10B,A10B,"BLOOD GLUCOSE LOWERING DRUGS, EXCL. INSULINS",서울,양천구,2024-10-01,1684217,601731117
A10B,A10B,"BLOOD GLUCOSE LOWERING DRUGS, EXCL. INSULINS",서울,양천구,2024-11-01,1593444,571107979
A10B,A10B,"BLOOD GLUCOSE LOWERING DRUGS, EXCL. INSULINS",서울,양천구,2024-12-01,1924094,699614345
A10B,A10B,"BLOOD GLUCOSE LOWERING DRUGS, EXCL. INSULINS",서울,양천구,2025-01-01,1925310,707739249
A10B,A10B,"BLOOD GLUCOSE LOWERING DRUGS, EXCL. INSULINS",서울,양천구,2025-02-01,1899447,693866707
A10B,A10B,"BLOOD GLUCOSE LOWERING DRUGS, EXCL. INSULINS",서울,양천구,2025-03-01,1972548,721196616
A10B,A10B,"BLOOD GLUCOSE LOWERING DRUGS, EXCL. INSULINS",서울,양천구,2025-04-01,2062605,764615360
A10B,A10B,"BLOOD GLUCOSE LOWERING DRUGS, EXCL. INSULINS",서울,양천구,2025-05-01,2007907,746541452
A10B,A10B,"BLOOD GLUCOSE LOWERING DRUGS, EXCL. INSULINS",서울,양천구,2025-06-01,1952328,717517164
A10B,A10B,"BLOOD GLUCOSE LOWERING DRUGS, EXCL. INSULINS",서울,양천구,2025-07-01,2122036,779216856
A10B,A10B,"BLOOD GLUCOSE LOWERING DRUGS, EXCL. INSULINS",서울,양천구,2025-08-01,1981797,730219563
A10B,A10B,"BLOOD GLUCOSE LOWERING DRUGS, EXCL. INSULINS",서울,양천구,2025-09-01,2218236,823619594
A10B,A10B,"BLOOD GLUCOSE LOWERING DRUGS, EXCL. INSULINS",서울,양천구,2025-10-01,1904013,693182114
A10B,A10B,"BLOOD GLUCOSE LOWERING DRUGS, EXCL. INSULINS",서울,영등포구,2023-10-01,2583751,990543960
A10B,A10B,"BLOOD GLUCOSE LOWERING DRUGS, EXCL. INSULINS",서울,영등포구,2023-11-01,2565718,989345571
A10B,A10B,"BLOOD GLUCOSE LOWERING DRUGS, EXCL. INSULINS",서울,영등포구,2023-12-01,2539860,1003020418
A10B,A10B,"BLOOD GLUCOSE LOWERING DRUGS, EXCL. INSULINS",서울,영등포구,2024-01-01,2713032,1059600952
A10B,A10B,"BLOOD GLUCOSE LOWERING DRUGS, EXCL. INSULINS",서울,영등포구,2024-02-01,2459439,961657895
A10B,A10B,"BLOOD GLUCOSE LOWERING DRUGS, EXCL. INSULINS",서울,영등포구,2024-03-01,2606620,1014241683
A10B,A10B,"BLOOD GLUCOSE LOWERING DRUGS, EXCL. INSULINS",서울,영등포구,2024-04-01,2186710,858193915
A10B,A10B,"BLOOD GLUCOSE LOWERING DRUGS, EXCL. INSULINS",서울,영등포구,2024-05-01,1841742,727571265
A10B,A10B,"BLOOD GLUCOSE LOWERING DRUGS, EXCL. INSULINS",서울,영등포구,2024-06-01,1230401,468897142
A10B,A10B,"BLOOD GLUCOSE LOWERING DRUGS, EXCL. INSULINS",서울,영등포구,2024-07-01,1336990,494046016
A10B,A10B,"BLOOD GLUCOSE LOWERING DRUGS, EXCL. INSULINS",서울,영등포구,2024-08-01,1312484,487492735
A10B,A10B,"BLOOD GLUCOSE LOWERING DRUGS, EXCL. INSULINS",서울,영등포구,2024-09-01,1262194,461387036
A10B,A10B,"BLOOD GLUCOSE LOWERING DRUGS, EXCL. INSULINS",서울,영등포구,2024-10-01,1349289,495003751
A10B,A10B,"BLOOD GLUCOSE LOWERING DRUGS, EXCL. INSULINS",서울,영등포구,2024-11-01,1343347,504148123
A10B,A10B,"BLOOD GLUCOSE LOWERING DRUGS, EXCL. INSULINS",서울,영등포구,2024-12-01,1453697,546774024
A10B,A10B,"BLOOD GLUCOSE LOWERING DRUGS, EXCL. INSULINS",서울,영등포구,2025-01-01,2456855,933655265
A10B,A10B,"BLOOD GLUCOSE LOWERING DRUGS, EXCL. INSULINS",서울,영등포구,2025-02-01,2571673,979165180
A10B,A10B,"BLOOD GLUCOSE LOWERING DRUGS, EXCL. INSULINS",서울,영등포구,2025-03-01,2719610,1026936100
A10B,A10B,"BLOOD GLUCOSE LOWERING DRUGS, EXCL. INSULINS",서울,영등포구,2025-04-01,2866190,1085629345
A10B,A10B,"BLOOD GLUCOSE LOWERING DRUGS, EXCL. INSULINS",서울,영등포구,2025-05-01,2507787,966230826
A10B,A10B,"BLOOD GLUCOSE LOWERING DRUGS, EXCL. INSULINS",서울,영등포구,2025-06-01,2693755,1022791444
A10B,A10B,"BLOOD GLUCOSE LOWERING DRUGS, EXCL. INSULINS",서울,영등포구,2025-07-01,2884007,1093240806
A10B,A10B,"BLOOD GLUCOSE LOWERING DRUGS, EXCL. INSULINS",서울,영등포구,2025-08-01,2630928,1018509417
A10B,A10B,"BLOOD GLUCOSE LOWERING DRUGS, EXCL. INSULINS",서울,영등포구,2025-09-01,2943980,1124443260
A10B,A10B,"BLOOD GLUCOSE LOWERING DRUGS, EXCL. INSULINS",서울,영등포구,2025-10-01,2638325,995485878
A10B,A10B,"BLOOD GLUCOSE LOWERING DRUGS, EXCL. INSULINS",서울,용산구,2023-10-01,863748,340328157
A10B,A10B,"BLOOD GLUCOSE LOWERING DRUGS, EXCL. INSULINS",서울,용산구,2023-11-01,891222,351297766
A10B,A10B,"BLOOD GLUCOSE LOWERING DRUGS, EXCL. INSULINS",서울,용산구,2023-12-01,898786,352943394
A10B,A10B,"BLOOD GLUCOSE LOWERING DRUGS, EXCL. INSULINS",서울,용산구,2024-01-01,890388,354430226
A10B,A10B,"BLOOD GLUCOSE LOWERING DRUGS, EXCL. INSULINS",서울,용산구,2024-02-01,862979,350680341
A10B,A10B,"BLOOD GLUCOSE LOWERING DRUGS, EXCL. INSULINS",서울,용산구,2024-03-01,899476,359601628
A10B,A10B,"BLOOD GLUCOSE LOWERING DRUGS, EXCL. INSULINS",서울,용산구,2024-04-01,909578,371466927
A10B,A10B,"BLOOD GLUCOSE LOWERING DRUGS, EXCL. INSULINS",서울,용산구,2024-05-01,881014,359716960
A10B,A10B,"BLOOD GLUCOSE LOWERING DRUGS, EXCL. INSULINS",서울,용산구,2024-06-01,492307,184755376
A10B,A10B,"BLOOD GLUCOSE LOWERING DRUGS, EXCL. INSULINS",서울,용산구,2024-07-01,560012,203999811
A10B,A10B,"BLOOD GLUCOSE LOWERING DRUGS, EXCL. INSULINS",서울,용산구,2024-08-01,521232,192590817
A10B,A10B,"BLOOD GLUCOSE LOWERING DRUGS, EXCL. INSULINS",서울,용산구,2024-09-01,545930,199299913
A10B,A10B,"BLOOD GLUCOSE LOWERING DRUGS, EXCL. INSULINS",서울,용산구,2024-10-01,543148,196732845
A10B,A10B,"BLOOD GLUCOSE LOWERING DRUGS, EXCL. INSULINS",서울,용산구,2024-11-01,898486,356340611
A10B,A10B,"BLOOD GLUCOSE LOWERING DRUGS, EXCL. INSULINS",서울,용산구,2024-12-01,941009,370988226
A10B,A10B,"BLOOD GLUCOSE LOWERING DRUGS, EXCL. INSULINS",서울,용산구,2025-01-01,878582,348274226
A10B,A10B,"BLOOD GLUCOSE LOWERING DRUGS, EXCL. INSULINS",서울,용산구,2025-02-01,915883,362995701
A10B,A10B,"BLOOD GLUCOSE LOWERING DRUGS, EXCL. INSULINS",서울,용산구,2025-03-01,918081,364500699
A10B,A10B,"BLOOD GLUCOSE LOWERING DRUGS, EXCL. INSULINS",서울,용산구,2025-04-01,924904,369521078
A10B,A10B,"BLOOD GLUCOSE LOWERING DRUGS, EXCL. INSULINS",서울,용산구,2025-05-01,881907,346729712
A10B,A10B,"BLOOD GLUCOSE LOWERING DRUGS, EXCL. INSULINS",서울,용산구,2025-06-01,860619,348879672
A10B,A10B,"BLOOD GLUCOSE LOWERING DRUGS, EXCL. INSULINS",서울,용산구,2025-07-01,970461,386935911
A10B,A10B,"BLOOD GLUCOSE LOWERING DRUGS, EXCL. INSULINS",서울,용산구,2025-08-01,871735,349739584
A10B,A10B,"BLOOD GLUCOSE LOWERING DRUGS, EXCL. INSULINS",서울,용산구,2025-09-01,966777,381879139
A10B,A10B,"BLOOD GLUCOSE LOWERING DRUGS, EXCL. INSULINS",서울,용산구,2025-10-01,892730,353092699
A10B,A10B,"BLOOD GLUCOSE LOWERING DRUGS, EXCL. INSULINS",서울,은평구,2023-10-01,2304424,860029315
A10B,A10B,"BLOOD GLUCOSE LOWERING DRUGS, EXCL. INSULINS",서울,은평구,2023-11-01,2315991,864645075
A10B,A10B,"BLOOD GLUCOSE LOWERING DRUGS, EXCL. INSULINS",서울,은평구,2023-12-01,2336106,883202380
A10B,A10B,"BLOOD GLUCOSE LOWERING DRUGS, EXCL. INSULINS",서울,은평구,2024-01-01,2447044,918372501
A10B,A10B,"BLOOD GLUCOSE LOWERING DRUGS, EXCL. INSULINS",서울,은평구,2024-02-01,2243623,848074969
A10B,A10B,"BLOOD GLUCOSE LOWERING DRUGS, EXCL. INSULINS",서울,은평구,2024-03-01,2349035,884512498
A10B,A10B,"BLOOD GLUCOSE LOWERING DRUGS, EXCL. INSULINS",서울,은평구,2024-04-01,1936161,723302147
A10B,A10B,"BLOOD GLUCOSE LOWERING DRUGS, EXCL. INSULINS",서울,은평구,2024-05-01,2427035,917443298
A10B,A10B,"BLOOD GLUCOSE LOWERING DRUGS, EXCL. INSULINS",서울,은평구,2024-06-01,1719546,642951160
A10B,A10B,"BLOOD GLUCOSE LOWERING DRUGS, EXCL. INSULINS",서울,은평구,2024-07-01,1914932,697885745
A10B,A10B,"BLOOD GLUCOSE LOWERING DRUGS, EXCL. INSULINS",서울,은평구,2024-08-01,1850284,676258628
A10B,A10B,"BLOOD GLUCOSE LOWERING DRUGS, EXCL. INSULINS",서울,은평구,2024-09-01,1848037,656963312
A10B,A10B,"BLOOD GLUCOSE LOWERING DRUGS, EXCL. INSULINS",서울,은평구,2024-10-01,1925444,695822231
A10B,A10B,"BLOOD GLUCOSE LOWERING DRUGS, EXCL. INSULINS",서울,은평구,2024-11-01,1829665,662205763
A10B,A10B,"BLOOD GLUCOSE LOWERING DRUGS, EXCL. INSULINS",서울,은평구,2024-12-01,1976590,700942061
A10B,A10B,"BLOOD GLUCOSE LOWERING DRUGS, EXCL. INSULINS",서울,은평구,2025-01-01,2409271,868444856
A10B,A10B,"BLOOD GLUCOSE LOWERING DRUGS, EXCL. INSULINS",서울,은평구,2025-02-01,2400863,862680151
A10B,A10B,"BLOOD GLUCOSE LOWERING DRUGS, EXCL. INSULINS",서울,은평구,2025-03-01,2522385,908866928
A10B,A10B,"BLOOD GLUCOSE LOWERING DRUGS, EXCL. INSULINS",서울,은평구,2025-04-01,2603715,940481297
A10B,A10B,"BLOOD GLUCOSE LOWERING DRUGS, EXCL. INSULINS",서울,은평구,2025-05-01,2495504,906727933
A10B,A10B,"BLOOD GLUCOSE LOWERING DRUGS, EXCL. INSULINS",서울,은평구,2025-06-01,2467133,893151567
A10B,A10B,"BLOOD GLUCOSE LOWERING DRUGS, EXCL. INSULINS",서울,은평구,2025-07-01,2730751,989812029
A10B,A10B,"BLOOD GLUCOSE LOWERING DRUGS, EXCL. INSULINS",서울,은평구,2025-08-01,2446186,885911304
A10B,A10B,"BLOOD GLUCOSE LOWERING DRUGS, EXCL. INSULINS",서울,은평구,2025-09-01,2778583,1002071146
A10B,A10B,"BLOOD GLUCOSE LOWERING DRUGS, EXCL. INSULINS",서울,은평구,2025-10-01,2452565,885070538
A10B,A10B,"BLOOD GLUCOSE LOWERING DRUGS, EXCL. INSULINS",서울,종로구,2023-10-01,3441815,1284966967
A10B,A10B,"BLOOD GLUCOSE LOWERING DRUGS, EXCL. INSULINS",서울,종로구,2023-11-01,3731105,1397313093
A10B,A10B,"BLOOD GLUCOSE LOWERING DRUGS, EXCL. INSULINS",서울,종로구,2023-12-01,3490233,1394601951
A10B,A10B,"BLOOD GLUCOSE LOWERING DRUGS, EXCL. INSULINS",서울,종로구,2024-01-01,3719844,1465823077
A10B,A10B,"BLOOD GLUCOSE LOWERING DRUGS, EXCL. INSULINS",서울,종로구,2024-02-01,3427530,1348866591
A10B,A10B,"BLOOD GLUCOSE LOWERING DRUGS, EXCL. INSULINS",서울,종로구,2024-03-01,3670931,1431828510
A10B,A10B,"BLOOD GLUCOSE LOWERING DRUGS, EXCL. INSULINS",서울,종로구,2024-04-01,3829413,1537842906
A10B,A10B,"BLOOD GLUCOSE LOWERING DRUGS, EXCL. INSULINS",서울,종로구,2024-05-01,3497305,1373468287
A10B,A10B,"BLOOD GLUCOSE LOWERING DRUGS, EXCL. INSULINS",서울,종로구,2024-06-01,3076952,1244444402
A10B,A10B,"BLOOD GLUCOSE LOWERING DRUGS, EXCL. INSULINS",서울,종로구,2024-07-01,3749871,1498025932
A10B,A10B,"BLOOD GLUCOSE LOWERING DRUGS, EXCL. INSULINS",서울,종로구,2024-08-01,3296150,1315845715
A10B,A10B,"BLOOD GLUCOSE LOWERING DRUGS, EXCL. INSULINS",서울,종로구,2024-09-01,3128878,1216036465
A10B,A10B,"BLOOD GLUCOSE LOWERING DRUGS, EXCL. INSULINS",서울,종로구,2024-10-01,3567418,1399457053
A10B,A10B,"BLOOD GLUCOSE LOWERING DRUGS, EXCL. INSULINS",서울,종로구,2024-11-01,3292918,1305480628
A10B,A10B,"BLOOD GLUCOSE LOWERING DRUGS, EXCL. INSULINS",서울,종로구,2024-12-01,3522956,1376070521
A10B,A10B,"BLOOD GLUCOSE LOWERING DRUGS, EXCL. INSULINS",서울,종로구,2025-01-01,3292650,1283915877
A10B,A10B,"BLOOD GLUCOSE LOWERING DRUGS, EXCL. INSULINS",서울,종로구,2025-02-01,3470324,1366209203
A10B,A10B,"BLOOD GLUCOSE LOWERING DRUGS, EXCL. INSULINS",서울,종로구,2025-03-01,3485513,1371334399
A10B,A10B,"BLOOD GLUCOSE LOWERING DRUGS, EXCL. INSULINS",서울,종로구,2025-04-01,3902467,1550708224
A10B,A10B,"BLOOD GLUCOSE LOWERING DRUGS, EXCL. INSULINS",서울,종로구,2025-05-01,3461964,1347930332
A10B,A10B,"BLOOD GLUCOSE LOWERING DRUGS, EXCL. INSULINS",서울,종로구,2025-06-01,3366147,1327700028
A10B,A10B,"BLOOD GLUCOSE LOWERING DRUGS, EXCL. INSULINS",서울,종로구,2025-07-01,3972338,1564151583
A10B,A10B,"BLOOD GLUCOSE LOWERING DRUGS, EXCL. INSULINS",서울,종로구,2025-08-01,3354007,1331560832
A10B,A10B,"BLOOD GLUCOSE LOWERING DRUGS, EXCL. INSULINS",서울,종로구,2025-09-01,3957454,1558773382
A10B,A10B,"BLOOD GLUCOSE LOWERING DRUGS, EXCL. INSULINS",서울,종로구,2025-10-01,3377264,1328249689
A10B,A10B,"BLOOD GLUCOSE LOWERING DRUGS, EXCL. INSULINS",서울,중구,2023-10-01,926224,350158717
A10B,A10B,"BLOOD GLUCOSE LOWERING DRUGS, EXCL. INSULINS",서울,중구,2023-11-01,934098,355015624
A10B,A10B,"BLOOD GLUCOSE LOWERING DRUGS, EXCL. INSULINS",서울,중구,2023-12-01,957437,364351217
A10B,A10B,"BLOOD GLUCOSE LOWERING DRUGS, EXCL. INSULINS",서울,중구,2024-01-01,998590,378784922
A10B,A10B,"BLOOD GLUCOSE LOWERING DRUGS, EXCL. INSULINS",서울,중구,2024-02-01,966610,364368095
A10B,A10B,"BLOOD GLUCOSE LOWERING DRUGS, EXCL. INSULINS",서울,중구,2024-03-01,944780,359908059
A10B,A10B,"BLOOD GLUCOSE LOWERING DRUGS, EXCL. INSULINS",서울,중구,2024-04-01,998401,380519513
A10B,A10B,"BLOOD GLUCOSE LOWERING DRUGS, EXCL. INSULINS",서울,중구,2024-05-01,960203,367285013
A10B,A10B,"BLOOD GLUCOSE LOWERING DRUGS, EXCL. INSULINS",서울,중구,2024-06-01,731515,281007068
A10B,A10B,"BLOOD GLUCOSE LOWERING DRUGS, EXCL. INSULINS",서울,중구,2024-07-01,802856,300972914
A10B,A10B,"BLOOD GLUCOSE LOWERING DRUGS, EXCL. INSULINS",서울,중구,2024-08-01,788040,293042104
A10B,A10B,"BLOOD GLUCOSE LOWERING DRUGS, EXCL. INSULINS",서울,중구,2024-09-01,931693,348802573
A10B,A10B,"BLOOD GLUCOSE LOWERING DRUGS, EXCL. INSULINS",서울,중구,2024-10-01,774250,288090779
A10B,A10B,"BLOOD GLUCOSE LOWERING DRUGS, EXCL. INSULINS",서울,중구,2024-11-01,752767,284808173
A10B,A10B,"BLOOD GLUCOSE LOWERING DRUGS, EXCL. INSULINS",서울,중구,2024-12-01,854459,319530441
A10B,A10B,"BLOOD GLUCOSE LOWERING DRUGS, EXCL. INSULINS",서울,중구,2025-01-01,942616,347527040
A10B,A10B,"BLOOD GLUCOSE LOWERING DRUGS, EXCL. INSULINS",서울,중구,2025-02-01,966769,360575723
A10B,A10B,"BLOOD GLUCOSE LOWERING DRUGS, EXCL. INSULINS",서울,중구,2025-03-01,957609,357598233
A10B,A10B,"BLOOD GLUCOSE LOWERING DRUGS, EXCL. INSULINS",서울,중구,2025-04-01,1047194,390187405
A10B,A10B,"BLOOD GLUCOSE LOWERING DRUGS, EXCL. INSULINS",서울,중구,2025-05-01,957819,358657379
A10B,A10B,"BLOOD GLUCOSE LOWERING DRUGS, EXCL. INSULINS",서울,중구,2025-06-01,966307,358325888
A10B,A10B,"BLOOD GLUCOSE LOWERING DRUGS, EXCL. INSULINS",서울,중구,2025-07-01,1070929,395795427
A10B,A10B,"BLOOD GLUCOSE LOWERING DRUGS, EXCL. INSULINS",서울,중구,2025-08-01,937357,348049941
A10B,A10B,"BLOOD GLUCOSE LOWERING DRUGS, EXCL. INSULINS",서울,중구,2025-09-01,1070416,401021353
A10B,A10B,"BLOOD GLUCOSE LOWERING DRUGS, EXCL. INSULINS",서울,중구,2025-10-01,986490,366571532
A10B,A10B,"BLOOD GLUCOSE LOWERING DRUGS, EXCL. INSULINS",서울,중랑구,2023-10-01,1808199,681440716
A10B,A10B,"BLOOD GLUCOSE LOWERING DRUGS, EXCL. INSULINS",서울,중랑구,2023-11-01,1853317,701210210
A10B,A10B,"BLOOD GLUCOSE LOWERING DRUGS, EXCL. INSULINS",서울,중랑구,2023-12-01,1849354,701366838
A10B,A10B,"BLOOD GLUCOSE LOWERING DRUGS, EXCL. INSULINS",서울,중랑구,2024-01-01,1888408,720087291
A10B,A10B,"BLOOD GLUCOSE LOWERING DRUGS, EXCL. INSULINS",서울,중랑구,2024-02-01,1798459,685012531
A10B,A10B,"BLOOD GLUCOSE LOWERING DRUGS, EXCL. INSULINS",서울,중랑구,2024-03-01,1848306,705950633
A10B,A10B,"BLOOD GLUCOSE LOWERING DRUGS, EXCL. INSULINS",서울,중랑구,2024-04-01,1877535,719241176
A10B,A10B,"BLOOD GLUCOSE LOWERING DRUGS, EXCL. INSULINS",서울,중랑구,2024-05-01,1540365,570100963
A10B,A10B,"BLOOD GLUCOSE LOWERING DRUGS, EXCL. INSULINS",서울,중랑구,2024-06-01,1388237,507225497
A10B,A10B,"BLOOD GLUCOSE LOWERING DRUGS, EXCL. INSULINS",서울,중랑구,2024-07-01,1452518,516923967
A10B,A10B,"BLOOD GLUCOSE LOWERING DRUGS, EXCL. INSULINS",서울,중랑구,2024-08-01,1438664,508447486
A10B,A10B,"BLOOD GLUCOSE LOWERING DRUGS, EXCL. INSULINS",서울,중랑구,2024-09-01,1474217,531852277
A10B,A10B,"BLOOD GLUCOSE LOWERING DRUGS, EXCL. INSULINS",서울,중랑구,2024-10-01,1458256,514432161
A10B,A10B,"BLOOD GLUCOSE LOWERING DRUGS, EXCL. INSULINS",서울,중랑구,2024-11-01,1513630,544558560
A10B,A10B,"BLOOD GLUCOSE LOWERING DRUGS, EXCL. INSULINS",서울,중랑구,2024-12-01,1631312,590527183
A10B,A10B,"BLOOD GLUCOSE LOWERING DRUGS, EXCL. INSULINS",서울,중랑구,2025-01-01,1569758,567944142
A10B,A10B,"BLOOD GLUCOSE LOWERING DRUGS, EXCL. INSULINS",서울,중랑구,2025-02-01,1819950,679162500
A10B,A10B,"BLOOD GLUCOSE LOWERING DRUGS, EXCL. INSULINS",서울,중랑구,2025-03-01,1926686,715011975
A10B,A10B,"BLOOD GLUCOSE LOWERING DRUGS, EXCL. INSULINS",서울,중랑구,2025-04-01,2005470,746086330
A10B,A10B,"BLOOD GLUCOSE LOWERING DRUGS, EXCL. INSULINS",서울,중랑구,2025-05-01,1964703,735262216
A10B,A10B,"BLOOD GLUCOSE LOWERING DRUGS, EXCL. INSULINS",서울,중랑구,2025-06-01,1933603,716088977
A10B,A10B,"BLOOD GLUCOSE LOWERING DRUGS, EXCL. INSULINS",서울,중랑구,2025-07-01,2044926,762263933
A10B,A10B,"BLOOD GLUCOSE LOWERING DRUGS, EXCL. INSULINS",서울,중랑구,2025-08-01,1896280,709681711
A10B,A10B,"BLOOD GLUCOSE LOWERING DRUGS, EXCL. INSULINS",서울,중랑구,2025-09-01,2111366,782996133
A10B,A10B,"BLOOD GLUCOSE LOWERING DRUGS, EXCL. INSULINS",서울,중랑구,2025-10-01,1863936,693189764
